Open-Catalogue/Cameras/Digital-Cameras/Digital-SLR/EOS450D-%2B-18-55-IS-Kit/p/1382080,StarterDSLRComponent,1382080,3,832382,4,29925
Open-Catalogue/Cameras/Digital-Cameras/Digital-SLR/EOS450D-%2B-18-55-IS-Kit/p/1382080,StarterDSLRComponent,1382080,3,493683,4,29925
Open-Catalogue/Cameras/Digital-Cameras/Digital-SLR/EOS450D-%2B-18-55-IS-Kit/p/1382080,StarterDSLRComponent,1382080,3,898520,4,29925
Open-Catalogue/Cameras/Digital-Cameras/Digital-SLR/DSLR-A330-%2B-DT-18---55-mm/p/2934302,StarterDSLRComponent,2934302,3,832382,4,29925
Open-Catalogue/Cameras/Digital-Cameras/Digital-SLR/DSLR-A330-%2B-DT-18---55-mm/p/2934302,StarterDSLRComponent,2934302,3,493683,4,29925
Open-Catalogue/Cameras/Digital-Cameras/Digital-SLR/DSLR-A330-%2B-DT-18---55-mm/p/2934302,StarterDSLRComponent,2934302,3,898520,4,29925
Open-Catalogue/Cameras/Digital-Cameras/Digital-SLR/EOS450D-%2B-18-55-IS-Kit/p/1382080,StarterDSLRComponent,1382080,3,832382,4,932577
Open-Catalogue/Cameras/Digital-Cameras/Digital-SLR/EOS450D-%2B-18-55-IS-Kit/p/1382080,StarterDSLRComponent,1382080,3,493683,4,932577
Open-Catalogue/Cameras/Digital-Cameras/Digital-SLR/EOS450D-%2B-18-55-IS-Kit/p/1382080,StarterDSLRComponent,1382080,3,898520,4,932577
Open-Catalogue/Cameras/Digital-Cameras/Digital-SLR/DSLR-A330-%2B-DT-18---55-mm/p/2934302,StarterDSLRComponent,2934302,3,832382,4,932577
Open-Catalogue/Cameras/Digital-Cameras/Digital-SLR/DSLR-A330-%2B-DT-18---55-mm/p/2934302,StarterDSLRComponent,2934302,3,493683,4,932577
Open-Catalogue/Cameras/Digital-Cameras/Digital-SLR/DSLR-A330-%2B-DT-18---55-mm/p/2934302,StarterDSLRComponent,2934302,3,898520,4,932577
Open-Catalogue/Cameras/Digital-Cameras/Digital-SLR/EOS450D-%2B-18-55-IS-Kit/p/1382080,StarterDSLRComponent,1382080,3,832382,4,266685
Open-Catalogue/Cameras/Digital-Cameras/Digital-SLR/EOS450D-%2B-18-55-IS-Kit/p/1382080,StarterDSLRComponent,1382080,3,493683,4,266685
Open-Catalogue/Cameras/Digital-Cameras/Digital-SLR/EOS450D-%2B-18-55-IS-Kit/p/1382080,StarterDSLRComponent,1382080,3,898520,4,266685
Open-Catalogue/Cameras/Digital-Cameras/Digital-SLR/DSLR-A330-%2B-DT-18---55-mm/p/2934302,StarterDSLRComponent,2934302,3,832382,4,266685
Open-Catalogue/Cameras/Digital-Cameras/Digital-SLR/DSLR-A330-%2B-DT-18---55-mm/p/2934302,StarterDSLRComponent,2934302,3,493683,4,266685
Open-Catalogue/Cameras/Digital-Cameras/Digital-SLR/DSLR-A330-%2B-DT-18---55-mm/p/2934302,StarterDSLRComponent,2934302,3,898520,4,266685
Open-Catalogue/Cameras/Digital-Cameras/Digital-SLR/EOS450D-%2B-18-55-IS-Kit/p/1382080,StarterDSLRComponent,1382080,3,832382,4,289540
Open-Catalogue/Cameras/Digital-Cameras/Digital-SLR/EOS450D-%2B-18-55-IS-Kit/p/1382080,StarterDSLRComponent,1382080,3,493683,4,289540
Open-Catalogue/Cameras/Digital-Cameras/Digital-SLR/EOS450D-%2B-18-55-IS-Kit/p/1382080,StarterDSLRComponent,1382080,3,898520,4,289540
Open-Catalogue/Cameras/Digital-Cameras/Digital-SLR/DSLR-A330-%2B-DT-18---55-mm/p/2934302,StarterDSLRComponent,2934302,3,832382,4,289540
Open-Catalogue/Cameras/Digital-Cameras/Digital-SLR/DSLR-A330-%2B-DT-18---55-mm/p/2934302,StarterDSLRComponent,2934302,3,493683,4,289540
Open-Catalogue/Cameras/Digital-Cameras/Digital-SLR/DSLR-A330-%2B-DT-18---55-mm/p/2934302,StarterDSLRComponent,2934302,3,898520,4,289540
Open-Catalogue/Cameras/Digital-Cameras/Digital-SLR/EOS450D-%2B-18-55-IS-Kit/p/1382080,StarterDSLRComponent,1382080,3,832382,4,107701
Open-Catalogue/Cameras/Digital-Cameras/Digital-SLR/EOS450D-%2B-18-55-IS-Kit/p/1382080,StarterDSLRComponent,1382080,3,493683,4,107701
Open-Catalogue/Cameras/Digital-Cameras/Digital-SLR/EOS450D-%2B-18-55-IS-Kit/p/1382080,StarterDSLRComponent,1382080,3,898520,4,107701
Open-Catalogue/Cameras/Digital-Cameras/Digital-SLR/DSLR-A330-%2B-DT-18---55-mm/p/2934302,StarterDSLRComponent,2934302,3,832382,4,107701
Open-Catalogue/Cameras/Digital-Cameras/Digital-SLR/DSLR-A330-%2B-DT-18---55-mm/p/2934302,StarterDSLRComponent,2934302,3,493683,4,107701
Open-Catalogue/Cameras/Digital-Cameras/Digital-SLR/DSLR-A330-%2B-DT-18---55-mm/p/2934302,StarterDSLRComponent,2934302,3,898520,4,107701
Open-Catalogue/Cameras/Digital-Cameras/Digital-SLR/EOS450D-%2B-18-55-IS-Kit/p/1382080,StarterDSLRComponent,1382080,3,832382,4,266899
Open-Catalogue/Cameras/Digital-Cameras/Digital-SLR/EOS450D-%2B-18-55-IS-Kit/p/1382080,StarterDSLRComponent,1382080,3,493683,4,266899
Open-Catalogue/Cameras/Digital-Cameras/Digital-SLR/EOS450D-%2B-18-55-IS-Kit/p/1382080,StarterDSLRComponent,1382080,3,898520,4,266899
Open-Catalogue/Cameras/Digital-Cameras/Digital-SLR/DSLR-A330-%2B-DT-18---55-mm/p/2934302,StarterDSLRComponent,2934302,3,832382,4,266899
Open-Catalogue/Cameras/Digital-Cameras/Digital-SLR/DSLR-A330-%2B-DT-18---55-mm/p/2934302,StarterDSLRComponent,2934302,3,493683,4,266899
Open-Catalogue/Cameras/Digital-Cameras/Digital-SLR/DSLR-A330-%2B-DT-18---55-mm/p/2934302,StarterDSLRComponent,2934302,3,898520,4,266899
Open-Catalogue/Cameras/Digital-Cameras/Digital-SLR/EOS450D-%2B-18-55-IS-Kit/p/1382080,StarterDSLRComponent,1382080,3,832382,4,346944
Open-Catalogue/Cameras/Digital-Cameras/Digital-SLR/EOS450D-%2B-18-55-IS-Kit/p/1382080,StarterDSLRComponent,1382080,3,493683,4,346944
Open-Catalogue/Cameras/Digital-Cameras/Digital-SLR/EOS450D-%2B-18-55-IS-Kit/p/1382080,StarterDSLRComponent,1382080,3,898520,4,346944
Open-Catalogue/Cameras/Digital-Cameras/Digital-SLR/DSLR-A330-%2B-DT-18---55-mm/p/2934302,StarterDSLRComponent,2934302,3,832382,4,346944
Open-Catalogue/Cameras/Digital-Cameras/Digital-SLR/DSLR-A330-%2B-DT-18---55-mm/p/2934302,StarterDSLRComponent,2934302,3,493683,4,346944
Open-Catalogue/Cameras/Digital-Cameras/Digital-SLR/DSLR-A330-%2B-DT-18---55-mm/p/2934302,StarterDSLRComponent,2934302,3,898520,4,346944
Open-Catalogue/Cameras/Digital-Cameras/Digital-SLR/EOS450D-%2B-18-55-IS-Kit/p/1382080,StarterDSLRComponent,1382080,3,832382,4,450848
Open-Catalogue/Cameras/Digital-Cameras/Digital-SLR/EOS450D-%2B-18-55-IS-Kit/p/1382080,StarterDSLRComponent,1382080,3,493683,4,450848
Open-Catalogue/Cameras/Digital-Cameras/Digital-SLR/EOS450D-%2B-18-55-IS-Kit/p/1382080,StarterDSLRComponent,1382080,3,898520,4,450848
Open-Catalogue/Cameras/Digital-Cameras/Digital-SLR/DSLR-A330-%2B-DT-18---55-mm/p/2934302,StarterDSLRComponent,2934302,3,832382,4,450848
Open-Catalogue/Cameras/Digital-Cameras/Digital-SLR/DSLR-A330-%2B-DT-18---55-mm/p/2934302,StarterDSLRComponent,2934302,3,493683,4,450848
Open-Catalogue/Cameras/Digital-Cameras/Digital-SLR/DSLR-A330-%2B-DT-18---55-mm/p/2934302,StarterDSLRComponent,2934302,3,898520,4,450848
Open-Catalogue/Cameras/Digital-Cameras/Digital-SLR/EOS450D-%2B-18-55-IS-Kit/p/1382080,StarterDSLRComponent,1382080,3,832382,4,482105
Open-Catalogue/Cameras/Digital-Cameras/Digital-SLR/EOS450D-%2B-18-55-IS-Kit/p/1382080,StarterDSLRComponent,1382080,3,493683,4,482105
Open-Catalogue/Cameras/Digital-Cameras/Digital-SLR/EOS450D-%2B-18-55-IS-Kit/p/1382080,StarterDSLRComponent,1382080,3,898520,4,482105
Open-Catalogue/Cameras/Digital-Cameras/Digital-SLR/DSLR-A330-%2B-DT-18---55-mm/p/2934302,StarterDSLRComponent,2934302,3,832382,4,482105
Open-Catalogue/Cameras/Digital-Cameras/Digital-SLR/DSLR-A330-%2B-DT-18---55-mm/p/2934302,StarterDSLRComponent,2934302,3,493683,4,482105
Open-Catalogue/Cameras/Digital-Cameras/Digital-SLR/DSLR-A330-%2B-DT-18---55-mm/p/2934302,StarterDSLRComponent,2934302,3,898520,4,482105
Open-Catalogue/Cameras/Digital-Cameras/Digital-SLR/EOS450D-%2B-18-55-IS-Kit/p/1382080,StarterDSLRComponent,1382080,3,832382,4,514518
Open-Catalogue/Cameras/Digital-Cameras/Digital-SLR/EOS450D-%2B-18-55-IS-Kit/p/1382080,StarterDSLRComponent,1382080,3,493683,4,514518
Open-Catalogue/Cameras/Digital-Cameras/Digital-SLR/EOS450D-%2B-18-55-IS-Kit/p/1382080,StarterDSLRComponent,1382080,3,898520,4,514518
Open-Catalogue/Cameras/Digital-Cameras/Digital-SLR/DSLR-A330-%2B-DT-18---55-mm/p/2934302,StarterDSLRComponent,2934302,3,832382,4,514518
Open-Catalogue/Cameras/Digital-Cameras/Digital-SLR/DSLR-A330-%2B-DT-18---55-mm/p/2934302,StarterDSLRComponent,2934302,3,493683,4,514518
Open-Catalogue/Cameras/Digital-Cameras/Digital-SLR/DSLR-A330-%2B-DT-18---55-mm/p/2934302,StarterDSLRComponent,2934302,3,898520,4,514518
Open-Catalogue/Cameras/Digital-Cameras/Digital-SLR/EOS450D-%2B-18-55-IS-Kit/p/1382080,StarterDSLRComponent,1382080,3,832382,4,594471
Open-Catalogue/Cameras/Digital-Cameras/Digital-SLR/EOS450D-%2B-18-55-IS-Kit/p/1382080,StarterDSLRComponent,1382080,3,493683,4,594471
Open-Catalogue/Cameras/Digital-Cameras/Digital-SLR/EOS450D-%2B-18-55-IS-Kit/p/1382080,StarterDSLRComponent,1382080,3,898520,4,594471
Open-Catalogue/Cameras/Digital-Cameras/Digital-SLR/DSLR-A330-%2B-DT-18---55-mm/p/2934302,StarterDSLRComponent,2934302,3,832382,4,594471
Open-Catalogue/Cameras/Digital-Cameras/Digital-SLR/DSLR-A330-%2B-DT-18---55-mm/p/2934302,StarterDSLRComponent,2934302,3,493683,4,594471
Open-Catalogue/Cameras/Digital-Cameras/Digital-SLR/DSLR-A330-%2B-DT-18---55-mm/p/2934302,StarterDSLRComponent,2934302,3,898520,4,594471
Open-Catalogue/Cameras/Digital-Cameras/Digital-SLR/EOS450D-%2B-18-55-IS-Kit/p/1382080,StarterDSLRComponent,1382080,3,832382,4,899387
Open-Catalogue/Cameras/Digital-Cameras/Digital-SLR/EOS450D-%2B-18-55-IS-Kit/p/1382080,StarterDSLRComponent,1382080,3,493683,4,899387
Open-Catalogue/Cameras/Digital-Cameras/Digital-SLR/EOS450D-%2B-18-55-IS-Kit/p/1382080,StarterDSLRComponent,1382080,3,898520,4,899387
Open-Catalogue/Cameras/Digital-Cameras/Digital-SLR/DSLR-A330-%2B-DT-18---55-mm/p/2934302,StarterDSLRComponent,2934302,3,832382,4,899387
Open-Catalogue/Cameras/Digital-Cameras/Digital-SLR/DSLR-A330-%2B-DT-18---55-mm/p/2934302,StarterDSLRComponent,2934302,3,493683,4,899387
Open-Catalogue/Cameras/Digital-Cameras/Digital-SLR/DSLR-A330-%2B-DT-18---55-mm/p/2934302,StarterDSLRComponent,2934302,3,898520,4,899387
Open-Catalogue/Cameras/Digital-Cameras/Digital-SLR/EOS450D-%2B-18-55-IS-Kit/p/1382080,StarterDSLRComponent,1382080,3,832382,4,1232590
Open-Catalogue/Cameras/Digital-Cameras/Digital-SLR/EOS450D-%2B-18-55-IS-Kit/p/1382080,StarterDSLRComponent,1382080,3,493683,4,1232590
Open-Catalogue/Cameras/Digital-Cameras/Digital-SLR/EOS450D-%2B-18-55-IS-Kit/p/1382080,StarterDSLRComponent,1382080,3,898520,4,1232590
Open-Catalogue/Cameras/Digital-Cameras/Digital-SLR/DSLR-A330-%2B-DT-18---55-mm/p/2934302,StarterDSLRComponent,2934302,3,832382,4,1232590
Open-Catalogue/Cameras/Digital-Cameras/Digital-SLR/DSLR-A330-%2B-DT-18---55-mm/p/2934302,StarterDSLRComponent,2934302,3,493683,4,1232590
Open-Catalogue/Cameras/Digital-Cameras/Digital-SLR/DSLR-A330-%2B-DT-18---55-mm/p/2934302,StarterDSLRComponent,2934302,3,898520,4,1232590
Open-Catalogue/Cameras/Digital-Cameras/Digital-SLR/EOS450D-%2B-18-55-IS-Kit/p/1382080,StarterDSLRComponent,1382080,3,832382,4,1298094
Open-Catalogue/Cameras/Digital-Cameras/Digital-SLR/EOS450D-%2B-18-55-IS-Kit/p/1382080,StarterDSLRComponent,1382080,3,493683,4,1298094
Open-Catalogue/Cameras/Digital-Cameras/Digital-SLR/EOS450D-%2B-18-55-IS-Kit/p/1382080,StarterDSLRComponent,1382080,3,898520,4,1298094
Open-Catalogue/Cameras/Digital-Cameras/Digital-SLR/DSLR-A330-%2B-DT-18---55-mm/p/2934302,StarterDSLRComponent,2934302,3,832382,4,1298094
Open-Catalogue/Cameras/Digital-Cameras/Digital-SLR/DSLR-A330-%2B-DT-18---55-mm/p/2934302,StarterDSLRComponent,2934302,3,493683,4,1298094
Open-Catalogue/Cameras/Digital-Cameras/Digital-SLR/DSLR-A330-%2B-DT-18---55-mm/p/2934302,StarterDSLRComponent,2934302,3,898520,4,1298094
Open-Catalogue/Cameras/Digital-Cameras/Digital-SLR/EOS450D-%2B-18-55-IS-Kit/p/1382080,StarterDSLRComponent,1382080,3,832382,4,443175
Open-Catalogue/Cameras/Digital-Cameras/Digital-SLR/EOS450D-%2B-18-55-IS-Kit/p/1382080,StarterDSLRComponent,1382080,3,493683,4,443175
Open-Catalogue/Cameras/Digital-Cameras/Digital-SLR/EOS450D-%2B-18-55-IS-Kit/p/1382080,StarterDSLRComponent,1382080,3,898520,4,443175
Open-Catalogue/Cameras/Digital-Cameras/Digital-SLR/DSLR-A330-%2B-DT-18---55-mm/p/2934302,StarterDSLRComponent,2934302,3,832382,4,443175
Open-Catalogue/Cameras/Digital-Cameras/Digital-SLR/DSLR-A330-%2B-DT-18---55-mm/p/2934302,StarterDSLRComponent,2934302,3,493683,4,443175
Open-Catalogue/Cameras/Digital-Cameras/Digital-SLR/DSLR-A330-%2B-DT-18---55-mm/p/2934302,StarterDSLRComponent,2934302,3,898520,4,443175
Open-Catalogue/Cameras/Digital-Cameras/Digital-SLR/EOS450D-%2B-18-55-IS-Kit/p/1382080,StarterDSLRComponent,1382080,3,832382,4,872912
Open-Catalogue/Cameras/Digital-Cameras/Digital-SLR/EOS450D-%2B-18-55-IS-Kit/p/1382080,StarterDSLRComponent,1382080,3,493683,4,872912
Open-Catalogue/Cameras/Digital-Cameras/Digital-SLR/EOS450D-%2B-18-55-IS-Kit/p/1382080,StarterDSLRComponent,1382080,3,898520,4,872912
Open-Catalogue/Cameras/Digital-Cameras/Digital-SLR/DSLR-A330-%2B-DT-18---55-mm/p/2934302,StarterDSLRComponent,2934302,3,832382,4,872912
Open-Catalogue/Cameras/Digital-Cameras/Digital-SLR/DSLR-A330-%2B-DT-18---55-mm/p/2934302,StarterDSLRComponent,2934302,3,493683,4,872912
Open-Catalogue/Cameras/Digital-Cameras/Digital-SLR/DSLR-A330-%2B-DT-18---55-mm/p/2934302,StarterDSLRComponent,2934302,3,898520,4,872912
Open-Catalogue/Cameras/Digital-Cameras/Digital-SLR/EOS450D-%2B-18-55-IS-Kit/p/1382080,StarterDSLRComponent,1382080,3,832382,4,1366001
Open-Catalogue/Cameras/Digital-Cameras/Digital-SLR/EOS450D-%2B-18-55-IS-Kit/p/1382080,StarterDSLRComponent,1382080,3,493683,4,1366001
Open-Catalogue/Cameras/Digital-Cameras/Digital-SLR/EOS450D-%2B-18-55-IS-Kit/p/1382080,StarterDSLRComponent,1382080,3,898520,4,1366001
Open-Catalogue/Cameras/Digital-Cameras/Digital-SLR/DSLR-A330-%2B-DT-18---55-mm/p/2934302,StarterDSLRComponent,2934302,3,832382,4,1366001
Open-Catalogue/Cameras/Digital-Cameras/Digital-SLR/DSLR-A330-%2B-DT-18---55-mm/p/2934302,StarterDSLRComponent,2934302,3,493683,4,1366001
Open-Catalogue/Cameras/Digital-Cameras/Digital-SLR/DSLR-A330-%2B-DT-18---55-mm/p/2934302,StarterDSLRComponent,2934302,3,898520,4,1366001
Open-Catalogue/Cameras/Digital-Cameras/Digital-SLR/EOS450D-%2B-18-55-IS-Kit/p/1382080,StarterDSLRComponent,1382080,3,832382,4,1366053
Open-Catalogue/Cameras/Digital-Cameras/Digital-SLR/EOS450D-%2B-18-55-IS-Kit/p/1382080,StarterDSLRComponent,1382080,3,493683,4,1366053
Open-Catalogue/Cameras/Digital-Cameras/Digital-SLR/EOS450D-%2B-18-55-IS-Kit/p/1382080,StarterDSLRComponent,1382080,3,898520,4,1366053
Open-Catalogue/Cameras/Digital-Cameras/Digital-SLR/DSLR-A330-%2B-DT-18---55-mm/p/2934302,StarterDSLRComponent,2934302,3,832382,4,1366053
Open-Catalogue/Cameras/Digital-Cameras/Digital-SLR/DSLR-A330-%2B-DT-18---55-mm/p/2934302,StarterDSLRComponent,2934302,3,493683,4,1366053
Open-Catalogue/Cameras/Digital-Cameras/Digital-SLR/DSLR-A330-%2B-DT-18---55-mm/p/2934302,StarterDSLRComponent,2934302,3,898520,4,1366053
Open-Catalogue/Cameras/Digital-Cameras/Digital-SLR/EOS450D-%2B-18-55-IS-Kit/p/1382080,StarterDSLRComponent,1382080,3,832382,4,4205436
Open-Catalogue/Cameras/Digital-Cameras/Digital-SLR/EOS450D-%2B-18-55-IS-Kit/p/1382080,StarterDSLRComponent,1382080,3,493683,4,4205436
Open-Catalogue/Cameras/Digital-Cameras/Digital-SLR/EOS450D-%2B-18-55-IS-Kit/p/1382080,StarterDSLRComponent,1382080,3,898520,4,4205436
Open-Catalogue/Cameras/Digital-Cameras/Digital-SLR/DSLR-A330-%2B-DT-18---55-mm/p/2934302,StarterDSLRComponent,2934302,3,832382,4,4205436
Open-Catalogue/Cameras/Digital-Cameras/Digital-SLR/DSLR-A330-%2B-DT-18---55-mm/p/2934302,StarterDSLRComponent,2934302,3,493683,4,4205436
Open-Catalogue/Cameras/Digital-Cameras/Digital-SLR/DSLR-A330-%2B-DT-18---55-mm/p/2934302,StarterDSLRComponent,2934302,3,898520,4,4205436
Open-Catalogue/Cameras/Digital-Cameras/Digital-SLR/EOS450D-%2B-18-55-IS-Kit/p/1382080,StarterDSLRComponent,1382080,3,832382,4,4852405
Open-Catalogue/Cameras/Digital-Cameras/Digital-SLR/EOS450D-%2B-18-55-IS-Kit/p/1382080,StarterDSLRComponent,1382080,3,493683,4,4852405
Open-Catalogue/Cameras/Digital-Cameras/Digital-SLR/EOS450D-%2B-18-55-IS-Kit/p/1382080,StarterDSLRComponent,1382080,3,898520,4,4852405
Open-Catalogue/Cameras/Digital-Cameras/Digital-SLR/DSLR-A330-%2B-DT-18---55-mm/p/2934302,StarterDSLRComponent,2934302,3,832382,4,4852405
Open-Catalogue/Cameras/Digital-Cameras/Digital-SLR/DSLR-A330-%2B-DT-18---55-mm/p/2934302,StarterDSLRComponent,2934302,3,493683,4,4852405
Open-Catalogue/Cameras/Digital-Cameras/Digital-SLR/DSLR-A330-%2B-DT-18---55-mm/p/2934302,StarterDSLRComponent,2934302,3,898520,4,4852405
Open-Catalogue/Cameras/Digital-Cameras/Digital-SLR/EOS450D-%2B-18-55-IS-Kit/p/1382080,StarterDSLRComponent,1382080,3,832382,4,1641905
Open-Catalogue/Cameras/Digital-Cameras/Digital-SLR/EOS450D-%2B-18-55-IS-Kit/p/1382080,StarterDSLRComponent,1382080,3,493683,4,1641905
Open-Catalogue/Cameras/Digital-Cameras/Digital-SLR/EOS450D-%2B-18-55-IS-Kit/p/1382080,StarterDSLRComponent,1382080,3,898520,4,1641905
Open-Catalogue/Cameras/Digital-Cameras/Digital-SLR/DSLR-A330-%2B-DT-18---55-mm/p/2934302,StarterDSLRComponent,2934302,3,832382,4,1641905
Open-Catalogue/Cameras/Digital-Cameras/Digital-SLR/DSLR-A330-%2B-DT-18---55-mm/p/2934302,StarterDSLRComponent,2934302,3,493683,4,1641905
Open-Catalogue/Cameras/Digital-Cameras/Digital-SLR/DSLR-A330-%2B-DT-18---55-mm/p/2934302,StarterDSLRComponent,2934302,3,898520,4,1641905
Open-Catalogue/Cameras/Digital-Cameras/Digital-SLR/EOS450D-%2B-18-55-IS-Kit/p/1382080,StarterDSLRComponent,1382080,3,832382,4,4205431
Open-Catalogue/Cameras/Digital-Cameras/Digital-SLR/EOS450D-%2B-18-55-IS-Kit/p/1382080,StarterDSLRComponent,1382080,3,493683,4,4205431
Open-Catalogue/Cameras/Digital-Cameras/Digital-SLR/EOS450D-%2B-18-55-IS-Kit/p/1382080,StarterDSLRComponent,1382080,3,898520,4,4205431
Open-Catalogue/Cameras/Digital-Cameras/Digital-SLR/DSLR-A330-%2B-DT-18---55-mm/p/2934302,StarterDSLRComponent,2934302,3,832382,4,4205431
Open-Catalogue/Cameras/Digital-Cameras/Digital-SLR/DSLR-A330-%2B-DT-18---55-mm/p/2934302,StarterDSLRComponent,2934302,3,493683,4,4205431
Open-Catalogue/Cameras/Digital-Cameras/Digital-SLR/DSLR-A330-%2B-DT-18---55-mm/p/2934302,StarterDSLRComponent,2934302,3,898520,4,4205431